,ActiveCollar2007,AdaptiveMA2007,CryptoBB2007,DividendPaydate2007,DynamicBreakout2007,FOMC2007,HedgeVIX2007,LumberGold2007,MultiVar2007,OptionSkewness2007,OvernightMomentum2007,SectorRotation2007,SimpleEMA2007,SPY2007,TScrossSecMom2007,VolatilityRiskPremium2007
0,100000.0,100000.0,100000.0,100000.0,100000.0,100000.0,100000.0,100000.0,100000.0,100000.0,100000.0,100000.0,100000.0,100000.0,100000.0,100000.0
1,100000.0,100000.0,100000.0,100000.0,100000.0,100000.0,100000.0,100000.0,100000.0,100000.0,100000.0,100000.0,100000.0,100000.0,100000.0,100000.0
2,100000.0,99684.906281104,100000.0,100000.0,100000.0,100000.0,100000.0,100000.0,100000.0,100000.0,100000.0,100000.0,100000.0,100305.303718896,99575.4304183453,100000.0
3,100000.0,100316.663631548,100000.0,100000.0,100000.0,100000.0,100000.0,99990.93,100000.0,100000.0,100000.0,100000.0,100000.0,99663.756368452,99984.95795773914,100000.0
4,100000.0,100015.768490424,100000.0,100000.0,100000.0,100000.0,100000.0,100027.084400454,100000.0,100000.0,100000.0,100000.0,100000.0,99952.805174696,100726.77694908222,100000.0
5,100000.0,100033.581083064,100000.0,100000.0,100000.0,100000.0,100000.0,100002.981466818,100000.0,100000.0,100000.0,100000.0,100000.0,99924.60529116,100822.45097914115,100000.0
6,100000.0,99833.033004612,100000.0,100000.0,100000.0,100000.0,100000.0,99882.466798638,100000.0,100000.0,100000.0,100000.0,100000.0,100114.954505028,101330.11406108721,100000.0
7,100000.0,100209.738395128,100000.0,100000.0,100000.0,100000.0,100000.0,99520.922794098,100000.0,100000.0,100000.0,100000.0,100000.0,100728.301971936,100948.71436730267,100000.0
8,100000.0,100692.458189568,100000.0,100000.0,100000.0,100000.0,100000.0,99364.253725464,100000.0,100000.0,100000.0,100000.0,100000.0,101221.799933816,101124.84038623986,100422.245
9,100000.0,100724.90160052,100000.0,100000.0,100000.0,100000.0,100000.0,99520.922794098,100000.0,100000.0,100000.0,100000.0,100000.0,101264.09975912,100385.55830552233,100551.805
10,100000.0,100651.811484092,100000.0,100000.0,100000.0,100000.0,100000.0,99352.202258646,100000.0,100000.0,100000.0,100000.0,100000.0,101200.650021164,100514.22629794231,100576.215
11,100000.0,100297.298627984,100000.0,100000.0,100000.0,100000.0,100000.0,99496.819860462,100000.0,100000.0,100000.0,100000.0,100000.0,100855.201447848,100564.92719601143,100442.725
12,100000.0,100091.090001104,100000.0,100000.0,100000.0,100000.0,100000.0,99298.942858192,100000.0,100000.0,100000.0,100000.0,100000.0,101193.60005028,100813.39426489858,100796.705
13,100000.0,99382.96920824,100000.0,100000.0,100000.0,100000.0,100000.0,98395.782040576,100000.0,100000.0,100000.0,100000.0,100000.0,100686.002146632,100876.05424425566,100536.985
14,100000.0,99053.023217336,100000.0,100000.0,100000.0,100000.0,100000.0,99337.10458288,100000.0,100000.0,100000.0,100000.0,100000.0,101066.700574368,102012.20014213007,100880.525
15,100000.0,99540.697813096,100000.0,100000.0,100000.0,100000.0,100000.0,100456.515173728,100000.0,100000.0,100000.0,100000.0,100000.0,101884.497196912,102930.10820296864,101413.685
16,100000.0,98451.51331356,100000.0,100000.0,100000.0,100000.0,100000.0,99159.016534336,100000.0,100000.0,100000.0,100000.0,100000.0,100784.701739008,101944.93467286119,100705.125
17,100000.0,98883.673480984,100000.0,100000.0,100000.0,100000.0,100000.0,99680.560105072,100000.0,100000.0,100000.0,100000.0,100000.0,100671.902204864,102570.34027888098,100645.465
18,100000.0,99033.572771188,100000.0,100000.0,100000.0,100000.0,100000.0,100354.75057456,100000.0,100000.0,100000.0,100000.0,100000.0,100509.752874532,102265.88570550375,100589.235
19,100000.0,98469.162631348,100000.0,100000.0,100000.0,100000.0,100000.0,100952.617594672,100000.0,100000.0,100000.0,100000.0,100000.0,101073.750545252,101918.32244328634,101132.535
20,100000.0,99388.850969168,100000.0,100000.0,100000.0,100000.0,100000.0,101168.867367904,100000.0,100000.0,100000.0,100000.0,100000.0,101813.997488072,102138.6943762777,101588.585
21,100000.0,99901.963774848,100000.0,100000.0,100000.0,100000.0,100000.0,102237.395659168,100000.0,100000.0,100000.0,100000.0,100000.0,102349.795275256,102385.07658907356,101858.845
22,100000.0,100043.710902808,100000.0,100000.0,100000.0,100000.0,100000.0,102377.321983024,99979.506285382,100000.0,99768.5981927943,100000.0,100000.0,102504.894634704,103106.84951852431,101925.565
23,100000.0,99972.266623188,100000.0,100000.0,100000.0,100000.0,100000.0,101995.704736144,100004.503714618,100000.0,99322.5118765629,100000.0,100000.0,102441.444896748,103192.06256832644,101984.975
24,100000.0,100024.610902808,100000.0,100000.0,100000.0,100000.0,100000.0,102542.689456672,100079.496002326,100000.0,99077.31872643005,100000.0,100000.0,102504.894634704,103087.71595306629,102083.065
25,100000.0,100180.112315128,100000.0,100000.0,100000.0,100000.0,100000.0,103267.762225744,100129.490860798,100000.0,98627.2087115796,100000.0,100000.0,102674.09393592,103277.5359311922,102181.305
26,100000.0,100067.405182428,100000.0,100000.0,100000.0,100000.0,100000.0,103344.08567512,100166.987004652,100000.0,98707.90275624611,100000.0,100000.0,102568.34437266,102822.79896946205,102181.155
27,100000.0,99397.649533148,100000.0,100000.0,100000.0,100000.0,100000.0,102046.587035728,100066.997287708,100000.0,100276.6270157146,100000.0,100000.0,101891.547167796,102173.7887484524,102068.195
28,100000.0,99746.073187504,100000.0,100000.0,100000.0,100000.0,100000.0,101995.704736144,100054.49857309,100000.0,100424.02066553103,100000.0,100000.0,101539.048623596,102003.0166813796,102015.195
29,100000.0,98982.354539992,100000.0,100000.0,100000.0,100000.0,100000.0,102822.542104384,100054.49857309,100000.0,100332.72036533746,100000.0,100000.0,102307.495449952,102192.55548790883,102324.285
30,100000.0,99345.137379172,100000.0,100000.0,100000.0,100000.0,100000.0,102962.46842824,100279.475436214,100000.0,99822.74737101646,100000.0,100000.0,103104.142159844,102447.58402263487,102451.415
31,100000.0,99465.365321524,100000.0,100000.0,100000.0,100000.0,100000.0,103153.27705168,100329.470294686,100000.0,99252.09228306705,100000.0,100000.0,103238.09160664,102231.53649597509,102444.605
32,100000.0,99353.484314404,100000.0,100000.0,100000.0,100000.0,100000.0,103522.173723664,100329.470294686,100000.0,99304.61286064301,100000.0,100000.0,103132.34204338,102344.38357239644,102458.455
33,100000.0,99630.72713434,100000.0,100000.0,100000.0,100000.0,100000.0,104577.981440032,100341.969009304,100000.0,98583.57271182342,100000.0,100000.0,103428.440820508,103045.17634505828,102457.335
34,100000.0,99477.885724372,100000.0,100000.0,100000.0,100000.0,100000.0,104641.584314512,100404.462582394,100000.0,98693.00035382799,100000.0,100000.0,103280.391431944,102831.0259153667,102457.335
35,100000.0,99427.445321524,100000.0,100000.0,100000.0,100000.0,100000.0,105023.201561392,100341.969009304,100000.0,98584.6828261225,100000.0,100000.0,103238.09160664,102075.05946701762,102457.335
36,100000.0,99601.241357332,100000.0,100000.0,100000.0,100000.0,100000.0,104616.14316472,100454.457440866,100000.0,98126.63883656175,100000.0,100000.0,102906.742975092,101799.84959749317,102457.335
37,100000.0,99695.977663452,100000.0,100000.0,100000.0,100000.0,100000.0,104272.687642528,100504.452299338,100000.0,97849.07889581035,100000.0,100000.0,102800.993411832,101559.07933189007,102457.335
38,100000.0,103246.967800536,100000.0,100000.0,100000.0,100000.0,100000.0,100036.73620216,100766.925306316,100000.0,97455.37166955382,100000.0,100000.0,99127.958581268,100249.2987905384,102457.335
39,100000.0,102573.563595116,100000.0,100000.0,100000.0,100000.0,100000.0,100278.427125184,100691.933018608,100000.0,96657.07423726235,100000.0,100000.0,99783.60587348,101006.01035189547,102457.335
40,100000.0,102825.009241012,100000.0,100000.0,100000.0,100000.0,100000.0,100087.618501744,100843.679848726,100000.0,96570.81620742947,100000.0,100000.0,99543.906863424,101142.39330349,102457.335
41,100000.0,103987.42457732,100000.0,100000.0,100000.0,100000.0,100000.0,98077.767668176,100890.394857586,100000.0,96766.19738164244,100000.0,100000.0,98408.8615511,100710.77434165233,102457.335
42,100000.0,104922.019699696,100000.0,100000.0,99641.959,100000.0,100000.0,96246.004883152,100965.640868218,100000.0,96428.48293345695,100000.0,100000.0,97499.415307064,100030.45093600794,102457.335
43,100000.0,103323.456141032,100000.0,100000.0,99394.9626,100000.0,100000.0,98713.796412976,100877.853855814,100000.0,96300.14161017354,100000.0,100000.0,98986.959163588,100459.89976261996,102457.335
44,100000.0,103152.378653488,100000.0,100000.0,99626.392,100000.0,100000.0,98204.973417136,100978.18186999,100000.0,95981.56740129353,100000.0,100000.0,98747.260153532,99598.90264366374,102457.335
45,100000.0,103937.765592352,100000.0,100000.0,99500.2993,100000.0,100000.0,99019.09021048,100940.558864674,100000.0,95927.12691224499,100000.0,100000.0,99508.657009004,100716.44158757826,102457.335
46,100000.0,103986.470180416,100000.0,100000.0,99503.9316,100000.0,100000.0,99502.472056528,100802.607845182,100000.0,95559.82431786702,100000.0,100000.0,99565.056776076,100914.15086440885,102457.335
47,100000.0,104263.546297228,100000.0,100000.0,99569.8319,100000.0,100000.0,99985.853902576,100877.853855814,100000.0,95397.0119586569,100000.0,100000.0,99840.005640552,101447.79370887656,102457.335
48,100000.0,102146.40477394,100000.0,100000.0,99320.7599,100000.0,100000.0,97429.01834848,101015.804875306,100000.0,95318.0160322536,100000.0,100000.0,97823.713967728,101169.28018502877,102457.335
49,100000.0,101818.88507818,100000.0,100000.0,99261.0864,100000.0,100000.0,98344.899740992,101053.427880622,100000.0,95172.19010289831,100000.0,100000.0,98521.661085244,101165.21833321861,102457.335
50,100000.0,101495.815313176,100000.0,100000.0,98967.389,100000.0,100000.0,99311.663433088,101028.345877078,100000.0,95427.84596729842,100000.0,100000.0,98824.809833256,100976.16324348022,102457.335
51,100000.0,101876.861501376,100000.0,100000.0,98856.3444,100000.0,100000.0,98637.4729636,101015.804875306,100000.0,94878.94640884516,100000.0,100000.0,98443.312380964,101036.63602777963,101639.965
52,100000.0,100704.491590758,100000.0,100000.0,97985.6302,100000.0,100000.0,99718.72182976,100940.558864674,100000.0,94601.7108013548,100000.0,100000.0,99568.700627782,101511.10139719583,103013.845
53,100000.0,101296.120387118,100000.0,100000.0,97943.0804,100000.0,100000.0,100545.559198,101015.804875306,100000.0,94485.06880779717,100000.0,100000.0,100177.401188954,101831.13573100304,103730.865
54,100000.0,103005.731273038,100000.0,100000.0,97943.0804,100000.0,100000.0,102364.601408128,101128.673891254,100000.0,94405.4529621338,100000.0,100000.0,101876.100429434,102269.56820848072,104805.165
55,100000.0,102981.491932322,100000.0,100000.0,97943.0804,100000.0,100000.0,102402.763132816,101078.509884166,100000.0,93626.17985484407,100000.0,100000.0,101861.94460243,102610.26673639275,104720.525
56,100000.0,103107.710669124,100000.0,100000.0,97943.0804,100000.0,100000.0,102573.546132184,101040.88687885,100000.0,93804.32292899929,100000.0,100000.0,101996.424958968,102484.86709551436,104807.105
57,100000.0,103162.282702346,100000.0,100000.0,97943.0804,100000.0,100000.0,102522.56606272,101128.673891254,100000.0,93976.3426822413,100000.0,100000.0,102060.126180486,102352.29200961567,104960.485
58,100000.0,102521.881710842,100000.0,100000.0,97943.0804,100000.0,100000.0,101796.100072858,101141.214893026,100000.0,93536.87412642293,100000.0,100000.0,101437.26979231,102585.96514632997,104701.325
59,100000.0,102662.42978836,100000.0,100000.0,97943.0804,100000.0,100000.0,101005.908996166,101191.378900114,100000.0,93147.48467134328,100000.0,100000.0,100609.153912576,102182.24954530814,104054.885
60,100000.0,102239.65674856,100000.0,100000.0,97943.0804,100000.0,100000.0,101286.299378218,101128.673891254,100000.0,92693.51399908963,100000.0,100000.0,101019.672895692,102633.39791158726,104374.445
61,100000.0,102358.501760768,100000.0,100000.0,97943.0804,100000.0,100000.0,101388.259517146,101153.755894798,100000.0,92295.91139814517,100000.0,100000.0,100892.270452656,102821.48177330314,104242.685
62,100000.0,102090.393357312,100000.0,100000.0,97943.0804,100000.0,100000.0,101898.060211786,101147.456685466,100000.0,91935.33283129943,100000.0,100000.0,101147.075338728,102886.73363427719,104751.205
63,100000.0,102093.335601738,100000.0,100000.0,97943.0804,100000.0,100000.0,102955.896653164,101131.466685466,100000.0,92251.06969870356,100000.0,100000.0,102109.671575,102841.11512543404,105396.725
64,100000.0,102175.792666784,100000.0,100000.0,97943.0804,100000.0,100000.0,102751.976375308,101144.053824784,100000.0,92170.44490803855,100000.0,100000.0,102201.684450526,102198.52758560574,105491.885
65,100000.0,102513.164685544,100000.0,100000.0,97943.0804,100000.0,100000.0,103070.601809458,101156.640964102,100000.0,91986.7033688091,100000.0,100000.0,102548.502212124,102335.29551611624,105640.565
66,100000.0,102602.556690904,100000.0,100000.0,97943.0804,100000.0,100000.0,102866.681531602,100930.072456378,100000.0,92001.6019459614,100000.0,100000.0,102647.593001152,102889.29967763317,105743.045
67,100000.0,102861.992134024,100000.0,100000.0,97943.0804,100000.0,100000.0,103300.012122046,101055.943849558,100000.0,91791.013906917,100000.0,100000.0,102916.553714228,102716.15320732216,105916.205
68,100000.0,102164.933239744,100000.0,100000.0,97943.0804,100000.0,100000.0,102548.056097452,100980.42101365,100000.0,91824.70537566002,100000.0,100000.0,102229.996104534,102754.39618473608,105731.165
69,100000.0,101383.580600384,100000.0,100000.0,97943.0804,100000.0,100000.0,103338.247174144,101030.769570922,100000.0,91954.06178429823,100000.0,100000.0,102874.086233216,101852.27841045594,105977.285
70,100000.0,101512.03035304,100000.0,100000.0,97943.0804,100000.0,100000.0,103911.772955614,100993.008152968,100000.0,92242.34198515968,100000.0,100000.0,103242.13773532,101736.82123439945,106077.925
71,100000.0,102563.927243056,100000.0,100000.0,98743.7383,100000.0,100000.0,105466.665074266,100980.42101365,100000.0,92044.54329195493,100000.0,100000.0,104317.980587624,100948.45863077849,106175.565
72,100000.0,102756.801123388,100000.0,100000.0,98699.5573,100000.0,100000.0,105135.29462275,101118.879546148,100000.0,91908.73202418143,100000.0,100000.0,104523.240079182,100914.71469857397,106195.345
73,100000.0,102803.012538652,100000.0,100000.0,98514.488,100000.0,100000.0,104447.063684986,101282.512357282,100000.0,92710.30471468795,100000.0,100000.0,104579.863387198,100759.27981718053,106183.905
74,100000.0,102709.545415756,100000.0,100000.0,98582.7231,100000.0,100000.0,103835.302851418,101282.512357282,100000.0,92182.46625446324,100000.0,100000.0,104494.928425174,100786.67871011667,106271.065
75,100000.0,103705.570890508,100000.0,100000.0,98471.2888,100000.0,100000.0,105097.059570652,101269.925217964,100000.0,91654.14432293006,100000.0,100000.0,105514.147969462,101080.43329852271,106331.145
76,100000.0,103451.473448728,100000.0,100000.0,98418.2716,100000.0,100000.0,104982.354414358,101332.860914554,100000.0,91060.95974294007,100000.0,100000.0,105266.420996892,101640.09360337077,106326.945
77,100000.0,103385.942033464,100000.0,100000.0,98528.7241,100000.0,100000.0,104816.6691886,101408.383750462,100000.0,90714.56902541098,100000.0,100000.0,105209.797688876,100688.54146068415,106326.945
78,100000.0,104367.9996544,100000.0,100000.0,97993.6431,100000.0,100000.0,105479.410091632,101383.209471826,100000.0,89733.17911494829,100000.0,100000.0,106214.86140616,100425.5732914118,106326.945
79,100000.0,104309.452166044,100000.0,100000.0,98268.0562,100000.0,100000.0,105734.310438952,101307.686635918,100000.0,89810.02890974577,100000.0,100000.0,106165.316011646,100620.3384302099,106326.945
80,100000.0,104306.776092952,100000.0,100000.0,98371.1452,100000.0,100000.0,105148.039640116,101345.448053872,100000.0,89461.84545434023,100000.0,100000.0,106172.393925148,100650.09354057422,106326.945
81,100000.0,103479.996644716,100000.0,100000.0,98404.5264,100000.0,100000.0,103198.051983118,101471.319447052,100000.0,89413.81963009496,100000.0,100000.0,105344.278045414,100862.65268948059,106326.945
82,100000.0,103610.225385802,100000.0,100000.0,97900.3721,100000.0,100000.0,103567.657486732,101403.101207716,100000.0,89060.76778708608,100000.0,100000.0,105613.23875849,100748.39326581698,106326.945
83,100000.0,102897.409378708,100000.0,100000.0,97821.8281,100000.0,100000.0,105058.824518554,101437.639390252,100000.0,88477.18319986935,100000.0,100000.0,106328.108022192,100320.67003241288,106326.945
84,100000.0,102870.56807515,100000.0,100000.0,98066.2963,100000.0,100000.0,105020.589466456,101349.215070814,100000.0,88482.64593868062,100000.0,100000.0,106781.09448632,100085.05832704487,106326.945
85,100000.0,103121.532156862,100000.0,100000.0,98079.79605,100000.0,100000.0,105696.075386854,101387.111207716,100000.0,88135.07781582708,100000.0,100000.0,107050.055199396,100581.98800215859,106326.945
86,100000.0,103324.519697206,100000.0,100000.0,97875.8271,100000.0,100000.0,105530.390161096,101412.375298984,100000.0,87874.10744160217,100000.0,100000.0,107269.470517958,100967.70474857104,106326.945
87,100000.0,103253.35557259,100000.0,100000.0,98116.3681,100000.0,100000.0,105364.704935338,101437.639390252,100000.0,87553.28565495534,100000.0,100000.0,107205.76929644,100815.70870436414,106326.945
88,100000.0,103600.272737038,100000.0,100000.0,97360.873,100000.0,100000.0,105912.740682076,101361.847116448,100000.0,87877.80318739111,100000.0,100000.0,107573.820798544,100766.14308989112,106326.945
89,100000.0,102185.765454118,100000.0,100000.0,97413.8902,100000.0,100000.0,103975.498042444,101450.271435886,100000.0,88733.58106941619,100000.0,100000.0,106122.848530634,101214.64173510943,106326.945
90,100000.0,101740.728199094,100000.0,100000.0,97413.8902,100000.0,100000.0,105313.724865874,101399.74325335,100000.0,88228.99368592918,100000.0,100000.0,107170.37972893,101334.05454921826,106992.345
91,100000.0,101488.800489194,100000.0,100000.0,97413.8902,100000.0,100000.0,104268.633441862,101361.847116448,100000.0,89114.43911249941,100000.0,100000.0,106986.353977878,101827.20049784429,106667.745
92,100000.0,101795.512337174,100000.0,100000.0,97413.8902,100000.0,100000.0,103363.737208876,101399.74325335,100000.0,88752.35050920481,100000.0,100000.0,106866.029448344,102294.97959187687,106634.545
93,100000.0,100959.202607354,100000.0,100000.0,97413.8902,100000.0,100000.0,104128.438250836,101462.90348152,100000.0,88644.85115137,100000.0,100000.0,107736.61280909,102369.09564951992,107420.345
94,100000.0,101144.428100078,100000.0,100000.0,97413.8902,100000.0,100000.0,103427.462295706,101387.111207716,100000.0,88458.72039811897,100000.0,100000.0,107616.288279556,102437.2468165811,107509.645
95,100000.0,101832.122545898,100000.0,100000.0,97413.8902,100000.0,100000.0,104447.063684986,101311.318933912,100000.0,88037.57744641183,100000.0,100000.0,108359.469197266,102286.96707269074,107992.645
96,100000.0,101968.954334546,100000.0,100000.0,97413.8902,100000.0,100000.0,105798.035525782,101374.479162082,100000.0,87306.44668661473,100000.0,100000.0,108515.18329431,102117.11254601038,108131.345
97,100000.0,101886.768440222,100000.0,100000.0,97413.8902,100000.0,100000.0,106575.481585108,101349.215070814,100000.0,86897.42633272162,100000.0,100000.0,108437.326245788,102835.61035417557,107930.745
98,100000.0,101731.576651574,100000.0,100000.0,97413.8902,100000.0,100000.0,106103.915942566,101336.58302518,100000.0,86787.29363140502,100000.0,100000.0,108281.612148744,102445.51605768359,108002.045
99,100000.0,100813.141422266,100000.0,100000.0,97413.8902,100000.0,100000.0,104561.76884128,101361.847116448,100000.0,86777.52367744168,100000.0,100000.0,107311.93799897,102275.006213812,107484.345
100,100000.0,100876.149815672,100000.0,100000.0,97413.8902,100000.0,100000.0,105441.175039534,101311.318933912,100000.0,86248.98338192167,100000.0,100000.0,107913.56064664,102608.14272381346,107615.345
101,100000.0,100720.450864316,100000.0,100000.0,97413.8902,100000.0,100000.0,106320.581237788,101349.215070814,100000.0,85981.85399641786,100000.0,100000.0,108069.274743684,102653.97363529576,108034.045
102,100000.0,102384.856765246,100000.0,100000.0,97413.8902,100000.0,100000.0,107098.027297114,101399.74325335,100000.0,85539.52872456593,100000.0,100000.0,108982.325585442,103121.93857440479,108722.445
103,100000.0,102360.692288634,100000.0,100000.0,97413.8902,100000.0,100000.0,107391.162696532,101336.58302518,100000.0,85538.55434887543,100000.0,100000.0,108968.169758438,103232.74039896017,108743.245
104,100000.0,102757.656199212,100000.0,100000.0,97413.8902,100000.0,100000.0,108367.39905108,101284.6044601,100000.0,85444.35291829248,100000.0,100000.0,109399.92248206,102275.42361864934,108598.845
105,100000.0,102934.886682756,100000.0,100000.0,97413.8902,100000.0,100000.0,108553.913913096,101306.647872751,100000.0,85193.77375249476,100000.0,100000.0,109598.104060116,102807.89094329551,108797.645
106,100000.0,102392.989586916,100000.0,100000.0,97413.8902,100000.0,100000.0,108207.529169352,101217.903243232,100000.0,85137.6265048547,100000.0,100000.0,109031.870979956,102663.56086874187,108649.645
107,100000.0,102569.639461682,100000.0,100000.0,97413.8902,100000.0,100000.0,108287.464110216,101319.325676968,100000.0,84655.64816985307,100000.0,100000.0,108083.430570688,102747.25259733332,108415.745
108,100000.0,104398.694942942,100000.0,100000.0,97413.8902,100000.0,100000.0,107274.954859272,101230.581047449,100000.0,84684.86868830417,100000.0,100000.0,106144.08227114,102212.83752728437,107012.845
109,100000.0,103212.859813486,100000.0,100000.0,97413.8902,100000.0,100000.0,107274.954859272,101255.936655883,100000.0,84184.8045273041,100000.0,100000.0,107340.249652978,102099.00633589205,108475.245
110,100000.0,103034.50097171,100000.0,100000.0,97413.8902,100000.0,100000.0,107088.439997256,101293.970068534,100000.0,84181.53016601766,100000.0,100000.0,107517.197490528,102176.8669465389,108005.245
111,100000.0,104135.178322658,100000.0,100000.0,97413.8902,100000.0,100000.0,106395.670509768,101192.547634798,100000.0,83940.14171625824,100000.0,100000.0,106363.497589702,101867.15811060346,108002.945
112,100000.0,102554.46328207,100000.0,100000.0,97413.8902,100000.0,100000.0,106608.830352072,101217.903243232,100000.0,83535.13311342985,100000.0,100000.0,107977.261868158,102006.08390603794,108851.745
113,100000.0,102906.254370978,100000.0,100000.0,97413.8902,100000.0,100000.0,106662.120312648,101192.547634798,100000.0,82997.22100480211,100000.0,100000.0,108515.18329431,101598.73261096317,109387.445
114,100000.0,103563.473728136,100000.0,100000.0,97413.8902,100000.0,100000.0,107128.407467688,101357.359089619,100000.0,82682.52207093622,100000.0,100000.0,109216.077215532,101788.8495680375,109891.245
115,100000.0,103459.52477955,100000.0,100000.0,97413.8902,100000.0,100000.0,107115.084977544,101332.003481185,100000.0,82754.53281516387,100000.0,100000.0,109116.558922658,102294.80550278901,109893.445
116,100000.0,103653.01252652,100000.0,100000.0,97413.8902,100000.0,100000.0,107727.919524168,101560.203957091,100000.0,83202.79325156442,100000.0,100000.0,109329.812407388,102596.24219596782,110348.225
117,100000.0,102170.038898538,100000.0,100000.0,97413.8902,100000.0,100000.0,107261.632369128,101433.425914921,100000.0,83129.96815316944,100000.0,100000.0,107780.17041835,101591.64471410912,108559.845
118,100000.0,101594.212174242,100000.0,100000.0,97413.8902,100000.0,100000.0,107155.052447976,101471.459327572,100000.0,82558.93518731084,100000.0,100000.0,108462.581569486,101456.35980501563,109457.205
119,100000.0,102748.613655782,100000.0,100000.0,97413.8902,100000.0,100000.0,107421.502250856,101534.848348657,100000.0,82639.15973298343,100000.0,100000.0,107225.711358052,100962.39416045276,107808.865
120,100000.0,103168.863432635,100000.0,100000.0,97413.8902,100000.0,100000.0,107794.531974888,101661.626390827,100000.0,82437.3021353415,100000.0,100000.0,106777.879040119,100954.23977974516,107287.785
121,100000.0,103534.228065757,100000.0,100000.0,97413.8902,100000.0,100000.0,107714.597034024,101661.626390827,100000.0,82413.79499590641,100000.0,100000.0,106394.022767605,100960.39233401087,106656.145
122,100000.0,102495.31937864,100000.0,100000.0,97413.8902,100000.0,100000.0,107834.49944532,101661.626390827,100000.0,82200.16423309772,100000.0,100000.0,107446.073292273,101656.59804979562,108485.825
123,100000.0,102630.925957273,100000.0,100000.0,97413.8902,100000.0,100000.0,107767.8869946,101598.237369742,100000.0,81813.33815792731,100000.0,100000.0,107339.446549908,101780.06552418318,108413.425
124,100000.0,102336.439275443,100000.0,100000.0,97413.8902,100000.0,100000.0,108260.819129928,101801.082237214,100000.0,81633.7896106578,100000.0,100000.0,107040.891671286,102447.14601106282,107990.205
125,100000.0,103562.681563373,100000.0,100000.0,97413.8902,100000.0,100000.0,108505.560048792,101854.535211412,100000.0,81446.43513411959,100000.0,100000.0,108334.629478648,102933.0547905984,109888.325
126,100000.0,103940.302774428,100000.0,100000.0,97413.8902,100000.0,100000.0,108171.206442792,101800.367965513,100000.0,80060.43817922176,100000.0,100000.0,108739.811099635,103110.9183364568,110488.945
127,100000.0,103971.686586118,100000.0,100000.0,97413.8902,100000.0,100000.0,107462.376798072,101673.110479183,100000.0,79897.34749236284,100000.0,100000.0,108782.461796581,103575.49333073516,110584.405
128,100000.0,104322.151922713,100000.0,100000.0,97413.8902,100000.0,100000.0,107315.261211432,101660.38473055,100000.0,79669.72975011075,100000.0,100000.0,109159.209619604,103249.44875547939,111138.885
129,100000.0,104394.269546093,100000.0,100000.0,97413.8902,100000.0,100000.0,107529.247519272,101711.287725082,100000.0,79705.13830319249,100000.0,100000.0,109244.511013496,102638.64997369809,111329.805
130,100000.0,102898.135419408,100000.0,100000.0,97413.8902,100000.0,100000.0,108358.444462152,101863.996708678,100000.0,79563.10184293146,100000.0,100000.0,107687.760574967,102661.91496788604,109359.265
131,100000.0,102052.945838502,100000.0,100000.0,97248.793025,100000.0,100000.0,108010.716711912,101889.448205944,100000.0,79118.83761699476,100000.0,100000.0,108363.063276612,102975.4803904155,110354.465
132,100000.0,100088.507747601,100000.0,100000.0,97420.819025,100000.0,100000.0,107689.737250152,101762.190719614,100000.0,78864.58367776587,100000.0,100000.0,110431.622078493,103897.48345636124,112263.025
133,100000.0,100548.261889415,100000.0,100000.0,97588.066525,100000.0,100000.0,107957.220134952,101813.093714146,100000.0,78044.75160321295,100000.0,100000.0,110687.526260169,104108.57110932482,112538.285
134,100000.0,100403.980085423,100000.0,100000.0,98010.963775,100000.0,100000.0,108385.192750632,101927.625451843,100000.0,77426.12699563913,100000.0,100000.0,110538.248820858,104140.62037257248,112650.425
135,100000.0,100369.309265615,100000.0,100000.0,98364.572775,100000.0,100000.0,108238.077163992,101914.89970321,100000.0,78413.0490381323,100000.0,100000.0,110509.815022894,104214.67956397054,112796.785
136,100000.0,100186.341231911,100000.0,100000.0,98142.850375,100000.0,100000.0,108532.308337272,102029.431440907,100000.0,77586.0700139651,100000.0,100000.0,110317.886886637,103769.05551227638,112865.965
137,100000.0,100557.836780363,100000.0,100000.0,98428.604675,100000.0,100000.0,108518.934193032,102016.705692274,100000.0,77012.30880908169,100000.0,100000.0,110765.71920457,103115.49519080415,113124.545
138,100000.0,99781.054973039,100000.0,100000.0,98582.472375,100000.0,100000.0,109107.396539592,102194.866173136,100000.0,77153.16116187826,100000.0,100000.0,109422.222250771,102865.18903437043,113150.305
139,100000.0,100528.014942868,100000.0,100000.0,98862.970325,100000.0,100000.0,109027.151674152,102131.237429971,100000.0,78225.35539614261,100000.0,100000.0,109941.139063614,103707.32200121015,113164.505
140,100000.0,102425.383764386,100000.0,100000.0,98260.879325,100000.0,100000.0,109401.627712872,102220.317670402,100000.0,77347.13702160961,100000.0,100000.0,107851.25491326,102473.61951214027,113164.505
141,100000.0,102015.496788231,100000.0,100000.0,98147.151025,100000.0,100000.0,109588.865732232,102334.849408099,100000.0,75170.69273437651,100000.0,100000.0,108299.087231193,103121.30174000605,113164.505
142,100000.0,104160.050679359,100000.0,100000.0,97097.792425,100000.0,100000.0,110431.436819352,102563.912883493,100000.0,75137.52220146013,100000.0,100000.0,106024.383394073,103698.82142045387,113164.505
143,100000.0,105897.258933096,100000.0,100000.0,96901.873925,100000.0,100000.0,110645.423127192,102665.718872557,100000.0,74219.33249765793,100000.0,100000.0,104240.162571832,103500.98184349529,113164.505
144,100000.0,104994.347883309,100000.0,100000.0,97462.391975,100000.0,100000.0,110297.695376952,102576.638632126,100000.0,73525.10587623037,100000.0,100000.0,105114.501859225,103855.1513195352,113164.505
145,100000.0,106307.777193559,100000.0,100000.0,97147.010975,100000.0,100000.0,110792.538713832,102703.896118456,100000.0,73346.31446065292,100000.0,100000.0,103778.113354917,103420.05451408289,113164.505
146,100000.0,105397.928131441,100000.0,100000.0,97505.876325,100000.0,100000.0,110499.836188488,102617.041254295,100000.0,72493.8914227722,100000.0,100000.0,104652.45264231,103928.44846458691,113164.505
147,100000.0,104905.963620705,100000.0,100000.0,97944.064775,100000.0,100000.0,110593.821488232,102626.598499681,100000.0,72563.16994093459,100000.0,100000.0,105128.718758207,105019.02892767938,113164.505
148,100000.0,102141.073503732,100000.0,100000.0,97239.236025,100000.0,100000.0,111251.71858644,102907.618198927,100000.0,72223.78128995874,100000.0,100000.0,102327.989658753,105315.49412142791,113164.505
149,100000.0,100945.395013878,100000.0,100000.0,96949.658925,100000.0,100000.0,110781.79208772,102767.108349304,100000.0,71742.76992323285,100000.0,100000.0,104751.970935184,103999.51798988452,113164.505
150,100000.0,102710.733629786,100000.0,100000.0,96888.73305,100000.0,100000.0,110634.100902408,102652.145745067,100000.0,71210.45026996544,100000.0,100000.0,105405.948288356,104260.16431971647,113164.505
151,100000.0,104207.060912309,100000.0,100000.0,96888.73305,100000.0,100000.0,110083.615575336,102601.051254295,100000.0,71788.76108294183,100000.0,100000.0,106955.590277394,103602.31700003687,113164.505
152,100000.0,101326.757413579,100000.0,100000.0,96888.73305,100000.0,100000.0,110593.821488232,102882.070953541,100000.0,72677.04726096008,100000.0,100000.0,104012.69218812,102438.12971819493,113164.505
153,100000.0,99389.503373369,100000.0,100000.0,96888.73305,100000.0,100000.0,110446.13030292,102894.844576234,100000.0,71333.05122573722,100000.0,100000.0,103884.740097282,102499.78801194292,113164.505
154,100000.0,99388.497355654,100000.0,100000.0,96888.73305,100000.0,100000.0,110620.674431016,102958.712689699,100000.0,71230.80515896667,100000.0,100000.0,103863.414748809,103193.49862375522,113164.505
155,100000.0,101245.263239802,100000.0,100000.0,96888.73305,100000.0,100000.0,111063.747986952,103035.354425857,100000.0,71494.58027488312,100000.0,100000.0,101915.699588275,102712.5402482605,113164.505
156,100000.0,102556.364571896,100000.0,100000.0,97445.15043,100000.0,100000.0,111345.703886184,103290.826879717,100000.0,72561.32295568474,100000.0,100000.0,100586.419533458,101076.83341071411,113164.505
157,100000.0,101924.296044028,100000.0,100000.0,97401.45273,100000.0,100000.0,111614.233314024,103418.563106647,100000.0,71223.05968893968,100000.0,100000.0,101176.420841211,98739.19792184522,113164.505
158,100000.0,99723.867200521,100000.0,100000.0,97003.560895,100000.0,100000.0,111735.071556552,103520.752088191,100000.0,70287.93339857263,100000.0,100000.0,103316.064138002,99080.94981191032,111479.155
159,100000.0,99173.691384832,100000.0,100000.0,97286.139355,100000.0,100000.0,112017.027455784,103648.488315121,100000.0,76484.67356950033,100000.0,100000.0,103323.172587493,100327.83641481918,112397.115
160,100000.0,99300.326194292,100000.0,100000.0,96829.741155,100000.0,100000.0,112419.821597544,103788.998164744,100000.0,75136.52950422258,100000.0,100000.0,103465.341577313,98755.65247772972,112608.815
161,100000.0,100459.279540611,100000.0,100000.0,96278.179075,100000.0,100000.0,112084.159812744,103648.488315121,100000.0,74749.59488818076,100000.0,100000.0,104680.886440274,99414.94043250814,113549.975
162,100000.0,100388.37673291,100000.0,100000.0,95776.141055,100000.0,100000.0,112178.145112488,103584.620201656,100000.0,74858.82808027205,100000.0,100000.0,104616.910394855,98853.24830874898,114073.335
163,100000.0,101465.339668961,100000.0,100000.0,95794.105665,100000.0,100000.0,112146.033641096,103380.242238568,100000.0,74752.35182054728,100000.0,100000.0,105747.153863924,100045.61198396924,114568.975
164,100000.0,100608.695429525,100000.0,100000.0,96078.140715,100000.0,100000.0,110852.829407452,103559.07295627,100000.0,75001.65679885703,100000.0,100000.0,104865.70612704,101164.30515672753,114439.435
165,100000.0,98365.046749722,100000.0,100000.0,95643.591365,100000.0,100000.0,107774.441068669,103763.450919358,100000.0,74277.86545799057,100000.0,100000.0,102541.243143483,100841.04723911737,112221.515
166,100000.0,97277.785883388,100000.0,100000.0,95774.684465,100000.0,100000.0,110684.150594368,103725.130051279,100000.0,74500.85053602392,100000.0,100000.0,104716.428687729,101099.750016665,114079.775
167,100000.0,98591.041491448,100000.0,100000.0,95626.597815,100000.0,100000.0,110023.491909789,103763.450919358,100000.0,73412.6187069442,100000.0,100000.0,104318.355516233,101977.2322658642,113896.515
168,100000.0,99720.665595808,100000.0,100000.0,95713.993215,100000.0,100000.0,111162.073898106,103788.998164744,100000.0,72947.34595460616,100000.0,100000.0,105256.670849045,102513.74422133254,114789.735
169,100000.0,100877.094181184,100000.0,100000.0,95439.183235,100000.0,100000.0,112497.447835021,103796.681279794,100000.0,72633.23085503782,100000.0,100000.0,106486.432610988,102820.02417449586,115606.815
170,100000.0,99756.020732704,100000.0,100000.0,95410.77973,100000.0,100000.0,111077.734491564,104011.486855948,100000.0,72891.16394023251,100000.0,100000.0,105313.538444973,102321.04887282933,114643.415
171,100000.0,100225.148822656,100000.0,100000.0,95410.77973,100000.0,100000.0,111330.75271119,103883.267091418,100000.0,73754.63274824325,100000.0,100000.0,105818.238358834,102369.85566566812,115278.575
172,100000.0,98585.238431552,100000.0,100000.0,95410.77973,100000.0,100000.0,109166.041276612,104242.282432102,100000.0,72439.56613714056,100000.0,100000.0,104097.993582012,101968.9552873277,114647.255
173,100000.0,99701.228164256,100000.0,100000.0,95410.77973,100000.0,100000.0,108013.402720538,104267.926385008,100000.0,71970.15239280424,100000.0,100000.0,103863.414748809,102601.59567630956,113929.575
174,100000.0,98243.349611543,100000.0,100000.0,95410.77973,100000.0,100000.0,110051.605045303,104178.172549837,100000.0,72089.17085551594,100000.0,100000.0,105377.514490392,102598.34826128515,115887.555
175,100000.0,98718.959450163,100000.0,100000.0,95410.77973,100000.0,100000.0,109222.26754764,104216.638479196,100000.0,71831.81138382987,100000.0,100000.0,105377.514490392,102784.23887186378,115625.055
176,100000.0,99486.288675565,100000.0,100000.0,95410.77973,100000.0,100000.0,109629.908012593,104049.952785307,100000.0,71993.18844453298,100000.0,100000.0,106209.203080839,102582.55204826333,116118.875
177,100000.0,99556.786544837,100000.0,100000.0,95410.77973,100000.0,100000.0,109995.378774275,104075.596738213,100000.0,71662.4446459707,100000.0,100000.0,106294.504474731,102657.71378747051,116109.395
178,100000.0,99016.727416357,100000.0,100000.0,95410.77973,100000.0,100000.0,109039.532166799,104049.952785307,100000.0,71408.32994843909,99980.01,100000.0,105725.828515451,102698.21181841365,116522.595
179,100000.0,97099.191969145,100000.0,100000.0,95410.77973,100000.0,100000.0,113411.124739226,104165.350573384,100000.0,70449.3797967478,102591.358949438,100000.0,108754.027998617,103476.76626012335,117453.055
180,100000.0,96378.576056926,100000.0,100000.0,95410.77973,100000.0,100000.0,114985.46032801,104178.172549837,100000.0,70404.16381712748,103487.326419643,100000.0,109443.547599244,103854.7552088906,117563.675
181,100000.0,95730.648389624,100000.0,100000.0,95410.77973,100000.0,100000.0,113903.104610721,103960.198950136,100000.0,70090.78188028297,103138.710519088,100000.0,108718.485751162,104775.9593642222,117499.875
182,100000.0,96130.622620767,100000.0,100000.0,95410.77973,100000.0,100000.0,114268.575372403,104114.062667572,100000.0,69243.95381901944,103572.23594388,100000.0,109182.012451381,105368.59969722328,117528.155
183,100000.0,95668.688069671,100000.0,100000.0,95410.77973,100000.0,100000.0,113270.559061656,104216.638479196,100000.0,69410.06502222907,103335.225890469,100000.0,108667.777045213,106155.45939998719,117542.515
184,100000.0,94671.60231242,100000.0,100000.0,95410.77973,100000.0,100000.0,113136.690213088,104319.21429082,100000.0,68957.86001198733,103170.924571134,100000.0,108732.056470984,107265.78514000853,117542.515
185,100000.0,94204.151400881,100000.0,100000.0,95410.77973,100000.0,100000.0,113798.956301286,104344.858243726,100000.0,68621.45892198337,103741.825292617,100000.0,109253.434035571,106982.38917859115,117542.515
186,100000.0,93902.89126859,100000.0,100000.0,95410.77973,100000.0,100000.0,114376.67778248,104434.612078897,100000.0,68712.62143412628,104146.547396954,100000.0,109660.537065454,107735.64542471769,117542.515
187,100000.0,93606.399348783,100000.0,100000.0,95410.77973,100000.0,100000.0,113136.690213088,104408.968125991,100000.0,68911.42059019719,103491.047662389,100000.0,109324.855619761,107932.55213673237,117542.515
188,100000.0,94852.774963978,100000.0,100000.0,95410.77973,100000.0,100000.0,115898.480708552,104340.761301916,100000.0,68637.9368926994,104633.377666978,100000.0,110788.998095656,108849.9850519971,117542.515
189,100000.0,94789.297693067,100000.0,100000.0,95410.77973,100000.0,100000.0,116913.0159926,104389.116157231,100000.0,68592.51264324422,104174.299345833,100000.0,110724.718669885,107761.28444265293,117542.515
190,100000.0,94395.29679669,100000.0,100000.0,95410.77973,100000.0,100000.0,116307.112975738,104376.247186168,100000.0,68489.74280786337,103734.456416471,100000.0,110274.762689488,105924.10177953709,117542.515
191,100000.0,94607.255880334,100000.0,100000.0,95410.77973,100000.0,100000.0,116673.472939422,104414.854099357,100000.0,67327.60299831959,104174.439178924,100000.0,110531.880392572,105735.96494022502,117542.515
192,100000.0,95480.26221491,100000.0,100000.0,95410.77973,100000.0,100000.0,118716.634275352,104299.03335979,100000.0,66500.90196030987,104879.959982702,100000.0,111560.351204908,105558.68688176565,117542.515
193,100000.0,95220.919091871,100000.0,100000.0,95410.77973,100000.0,100000.0,118040.27741932,104427.72307042,100000.0,65980.2566980302,104451.923889817,100000.0,111267.522709729,106253.83227543796,117542.515
194,100000.0,95953.14684523,100000.0,100000.0,95410.77973,100000.0,100000.0,118970.268096364,104183.212620223,100000.0,65762.12647094647,105712.343933925,100000.0,112131.723878428,107313.2888591624,117542.515
195,100000.0,95718.286953707,100000.0,100000.0,95410.77973,100000.0,100000.0,118829.360418024,104208.950562349,100000.0,64959.723631922854,105702.152239409,100000.0,111867.464016925,108087.01143234853,117542.515
196,100000.0,95293.682017935,100000.0,100000.0,95410.77973,100000.0,100000.0,117476.64670596,104183.212620223,100000.0,64529.85101361725,105589.376251971,100000.0,111381.797244433,106520.22766504715,117542.515
197,100000.0,94998.049473921,100000.0,100000.0,95410.77973,100000.0,100000.0,118237.548168996,104118.867764908,100000.0,63958.552785673266,106182.080348053,100000.0,111888.890492182,107493.12654033348,118074.955
198,100000.0,93987.273100355,100000.0,100000.0,95410.77973,100000.0,100000.0,116715.745242924,104131.736735971,100000.0,64188.121618194775,105680.245348443,100000.0,111010.405006645,108652.44619469161,117228.035
199,100000.0,94111.101678787,100000.0,100000.0,95410.77973,100000.0,100000.0,115842.117637216,104286.164388727,100000.0,63025.38141162463,105169.428997425,99217.28588852,110253.336214231,110091.01806535851,116582.795
200,100000.0,93950.486017912,100000.0,100000.0,95410.77973,100000.0,100000.0,116208.4776009,104492.067925735,100000.0,62955.64517085288,104923.598628921,99282.14164781,110439.032333125,109843.76415773001,117114.835
201,100000.0,94070.203375628,100000.0,100000.0,95410.77973,100000.0,100000.0,115997.11608339,104672.233520617,100000.0,62694.840494314376,105343.717247161,96798.166067003,110289.047006326,110820.75479778327,117029.995
202,100000.0,96409.928267088,100000.0,100000.0,95410.77973,100000.0,100000.0,112291.244143048,104929.612941877,100000.0,63284.459792154186,102850.205534887,96979.762193015,107539.316015011,108911.15730928439,113367.595
203,100000.0,95962.892480266,100000.0,100000.0,95410.77973,100000.0,100000.0,114179.407032804,104813.79220231,100000.0,60674.97588917517,102799.142718241,97783.973608211,107989.271995408,108432.82675656468,114245.115
204,100000.0,95099.101989622,100000.0,100000.0,95410.77973,100000.0,100000.0,115208.033084686,104839.530144436,100000.0,60498.97336993916,103621.889583084,97349.440020968,108946.321223554,110454.44510609694,115731.475
205,100000.0,95336.01925016,100000.0,100000.0,95410.77973,100000.0,100000.0,114052.590122298,105032.564710381,100000.0,60555.8287669776,103905.383715989,97686.689969276,108674.919203632,110486.79459360141,115336.455
206,100000.0,95478.45822286,100000.0,100000.0,95410.77973,100000.0,100000.0,113390.3240341,104993.957797192,100000.0,59928.87220402157,104728.96106563,98893.00709207,108503.507401576,110755.98774559255,115004.995
207,100000.0,94623.425848918,100000.0,100000.0,95410.77973,100000.0,100000.0,115687.119191042,104968.219855066,100000.0,59346.420592653245,105923.491212349,99366.454134887,110024.787144823,111126.25438022432,117101.015
208,100000.0,94959.665019056,100000.0,100000.0,95410.77973,100000.0,100000.0,115729.391494544,104993.957797192,100000.0,58389.30673336689,106542.291584338,98802.209029064,110417.605857868,112007.87239418723,117606.715
209,100000.0,94373.136022694,100000.0,100000.0,96028.97782,100000.0,100000.0,114447.13162165,104993.957797192,100000.0,57924.75783764927,105300.137695956,99651.819475763,109746.242966482,110173.38840003709,116754.455
210,100000.0,95428.654175573,100000.0,100000.0,96128.8282,100000.0,100000.0,116462.111421912,104800.923231247,100000.0,57910.53059447648,106847.088705613,97492.122691406,110981.836372969,111360.48902035484,118639.875
211,100000.0,92954.07845705,100000.0,100000.0,96348.31498,100000.0,100000.0,112122.15492904,105140.648547736,100000.0,57209.00839282624,104402.24298317,97252.156382033,108117.83084695,111505.07320369378,93111.335
212,100000.0,93677.188485964,100000.0,100000.0,95966.85892,100000.0,100000.0,112418.061053554,105253.829381476,100000.0,57508.22581338675,105080.13408281,96986.247768944,108353.522074777,112625.76564153485,115322.655
213,100000.0,94231.828629388,100000.0,100000.0,96260.88838,100000.0,100000.0,111121.710412826,105240.912298102,100000.0,57172.57923460359,104996.352580034,97874.771671217,107696.443500229,112578.81869802398,114352.475
214,100000.0,93040.146982408,100000.0,100000.0,97083.6187,100000.0,100000.0,112981.691766914,105202.16104798,100000.0,56878.828955943,106359.58678383,95689.132583144,109053.453599839,114167.48034565491,116765.075
215,100000.0,92337.440838926,100000.0,100000.0,97263.99358,100000.0,100000.0,109191.275219568,105499.253965582,100000.0,56350.340928488135,103758.800728285,95312.969179262,105839.482311289,113479.83850497962,111009.575
216,100000.0,92847.532803445,100000.0,100000.0,96449.31571,100000.0,100000.0,109994.448986106,105589.6735492,100000.0,57054.86933714125,105052.621959435,94139.079936113,105796.629360775,113487.78670160733,111027.335
217,100000.0,94255.789863255,100000.0,100000.0,94996.42366,100000.0,100000.0,108627.644506208,105809.263966558,100000.0,57458.42044613007,103853.452371706,92932.762813319,104175.359399662,112317.93206209903,107772.255
218,100000.0,95067.688136062,100000.0,100000.0,95422.97344,100000.0,100000.0,107824.47073967,105925.517716924,100000.0,56664.01672743636,102042.965502154,95449.166273771,103268.305280449,107767.51131828061,105953.675
219,100000.0,92308.866237527,100000.0,100000.0,94848.25858,100000.0,100000.0,110811.713520478,105602.590632574,100000.0,55584.2670469219,103739.525595236,95196.22881254,106268.011816429,107673.38737398044,111909.975
220,100000.0,90306.147759729,100000.0,100000.0,94679.15713,100000.0,100000.0,110036.721289608,105693.010216192,100000.0,55698.84208983098,103635.403706248,93762.916532231,105489.516548758,108021.99289523352,110318.115
221,100000.0,89229.963314491,100000.0,100000.0,94679.15713,100000.0,100000.0,108669.91680971,106003.020217168,100000.0,55035.10311688741,102702.246561117,94158.5366639,104246.780983852,107309.51885252494,107791.655
222,100000.0,89931.587028455,100000.0,100000.0,94679.15713,100000.0,100000.0,108120.376864184,106003.020217168,100000.0,54899.26757333666,103481.624666539,92563.084985366,104732.447756344,108662.93114865769,108776.875
223,100000.0,91441.157382447,100000.0,100000.0,94679.15713,100000.0,100000.0,105541.766350562,106338.864384892,100000.0,55385.83822631432,102257.875323665,93114.358939331,102961.192468432,109085.53108858895,107664.565
224,100000.0,91028.215931495,100000.0,100000.0,94679.15713,100000.0,100000.0,105429.04020789,106313.030218144,100000.0,55083.07059528266,103584.211771471,92018.29660733,103418.290607248,110939.98669472318,107520.055
225,100000.0,92529.989768296,100000.0,100000.0,94679.15713,100000.0,100000.0,104118.598799328,106648.874385868,100000.0,54855.69926667696,102016.353320004,92971.676268893,101711.314745107,110985.81032656941,106309.835
226,100000.0,91004.334127732,100000.0,100000.0,94679.15713,100000.0,100000.0,106288.577045764,106519.703552128,100000.0,54502.6528156573,103206.824791329,91402.166894075,103404.00629041,110712.96354700682,107883.095
227,100000.0,88626.6728667,100000.0,100000.0,94679.15713,100000.0,100000.0,103399.969639794,106855.547719852,100000.0,54028.01312884661,101765.486340963,92102.609094407,101004.241061626,111248.71252321619,105390.815
228,100000.0,88349.622763344,100000.0,100000.0,94679.15713,100000.0,100000.0,104809.046423194,106506.786468754,100000.0,53606.56460021287,102782.965360387,94547.67121964,102625.511022739,110079.44000489838,107400.275
229,100000.0,89516.385420444,100000.0,100000.0,94679.15713,100000.0,100000.0,108571.281434872,106416.366885136,100000.0,53444.36175615305,104978.677978395,94988.690382812,105603.791083462,110287.29500136727,110046.935
230,100000.0,89507.90828539,100000.0,100000.0,94679.15713,100000.0,100000.0,107965.37841801,106610.123135746,100000.0,53137.2272626377,105305.564062604,95293.512451475,105610.933241881,110990.04396661784,110225.915
231,100000.0,90221.029239319,100000.0,100000.0,94679.15713,100000.0,100000.0,108007.650721512,106661.791469242,100000.0,53066.15360155814,105831.823761697,95215.685540327,106460.850093742,110725.79833561082,110671.535
232,100000.0,89667.099190129,100000.0,100000.0,94679.15713,100000.0,100000.0,107119.93234797,106902.85498552,100000.0,52841.66826900444,105842.265441274,94586.584675214,105818.055836032,111652.63905912235,111100.835
233,100000.0,89046.482246038,100000.0,100000.0,94679.15713,100000.0,100000.0,105950.398617748,106938.706752952,100000.0,52599.11721090849,105662.40714164,95980.983499949,105096.697835713,111985.10338265904,110418.855
234,100000.0,89299.548144585,100000.0,100000.0,94679.15713,100000.0,100000.0,108035.83225718,106899.825427378,100000.0,52291.57502033639,107071.167524736,97414.295780258,106746.536430502,112495.0332303141,111422.235
235,100000.0,90914.151199035,100000.0,100000.0,94679.15713,100000.0,100000.0,110825.804288312,106692.45835765,100000.0,51872.14760732115,108256.753302653,97310.526565394,108353.522074777,112700.58891804487,112426.235
236,100000.0,90690.592142315,100000.0,100000.0,94679.15713,100000.0,100000.0,110670.805842138,106575.814380928,100000.0,51716.57176126487,108372.253592315,97972.055310152,108096.404371693,113618.37953055483,112447.455
237,100000.0,91448.113232875,100000.0,100000.0,94679.15713,100000.0,100000.0,111643.068822684,106485.091287922,100000.0,51438.72156000224,109074.446601657,95488.079729345,109010.600649325,113462.71100175192,113033.895
238,100000.0,89172.660941295,100000.0,100000.0,94679.15713,100000.0,100000.0,107810.379971836,106744.300125082,100000.0,50704.29118736104,106676.104072846,95890.185436943,106303.722608524,113910.69709904728,111854.475
239,100000.0,89696.876387075,100000.0,100000.0,94679.15713,100000.0,100000.0,108754.461416714,106614.695706502,100000.0,50895.17748821143,107583.990352983,96195.007505606,106939.374707815,115950.04944676906,112145.695
240,100000.0,89790.373719415,100000.0,100000.0,94679.15713,100000.0,100000.0,108331.738381694,106459.170404206,100000.0,50923.440776969706,108152.757091573,95144.344205108,107060.791400938,116694.40871781918,112381.355
241,100000.0,88513.948163175,100000.0,100000.0,94679.15713,100000.0,100000.0,106260.395510096,106290.684660052,100000.0,50685.369482600734,106580.884816494,93607.262709935,105546.65381611,117049.79189740923,112440.595
242,100000.0,87243.504802955,100000.0,100000.0,94679.15713,100000.0,100000.0,104315.869549004,106511.012171638,100000.0,50202.18020426044,104830.361103157,94087.195328681,104039.658389701,115138.25447658305,110676.815
243,100000.0,87683.969504455,100000.0,100000.0,94679.15713,100000.0,100000.0,106499.938563274,106511.012171638,100000.0,49947.193503265065,105669.658124334,94113.137632397,104575.320271126,114579.96906069029,111542.315
244,100000.0,87562.107780075,100000.0,100000.0,94679.15713,100000.0,100000.0,106697.20931295,106718.379241366,100000.0,49687.99808199046,105578.361930983,94417.95970106,104439.619261165,115520.64242884633,112845.695
245,100000.0,88098.287617895,100000.0,100000.0,94656.53478,100000.0,100000.0,108317.64761386,106783.181450656,100000.0,49276.41617450207,106410.332179457,95900.79273869,105089.555677294,116216.38897873691,113199.815
246,100000.0,89554.499448415,100000.0,100000.0,94945.38647,100000.0,100000.0,110586.261235134,106601.735264644,100000.0,48832.72126601041,108087.876583061,96846.201215535,106837.920533488,116850.57817347885,114301.495
247,100000.0,90298.049720915,100000.0,100000.0,94623.43471,100000.0,100000.0,111910.79341153,106536.933055354,100000.0,48585.23280901119,108556.054848143,96963.562267833,107735.437017363,117563.34183781994,114325.935
248,100000.0,90307.891727455,100000.0,100000.0,94065.73425,100000.0,100000.0,112220.790303878,106433.24952049,100000.0,48022.97608329623,108698.611989749,95639.99040025,107756.977412976,118587.15488899402,114325.935
249,100000.0,89120.947300175,100000.0,100000.0,94210.04103,100000.0,100000.0,109289.921951386,106666.559949478,100000.0,47557.633276785826,107585.261462488,95744.311335626,106349.67156626,118961.64979797226,114325.935
250,100000.0,89124.775304535,100000.0,100000.0,93948.09803,100000.0,100000.0,108879.910918524,106809.611884504,100000.0,47149.07218099866,107891.848022661,95190.106366441,106364.031830002,119868.70592362196,114325.935
